{
  "(5, 3, -1)": 0.002382863312959671,
  "(5, 3, 0)": 0.0008203546749427915,
  "(5, 3, 1)": 0.001007309416308999,
  "(5, 3, 2)": 0.0006697411299683154,
  "(5, 5, -1)": 0.43064773082733154,
  "(5, 5, 0)": 0.22595097124576569,
  "(5, 5, 1)": 0.18605642020702362,
  "(5, 5, 2)": 0.08043919503688812,
  "(5, 7, -1)": 2.124847173690796,
  "(5, 7, 0)": 1.0754144191741943,
  "(5, 7, 1)": 0.9092708230018616,
  "(5, 7, 2)": 0.4038645923137665,
  "(6, 3, -1)": 0.0012622299836948514,
  "(6, 3, 0)": 0.0004919598577544093,
  "(6, 3, 1)": 0.000589932082220912,
  "(6, 3, 2)": 0.00037202591192908585,
  "(6, 5, -1)": 0.43993136286735535,
  "(6, 5, 0)": 0.2433250993490219,
  "(6, 5, 1)": 0.2107502967119217,
  "(6, 5, 2)": 0.09782344847917557,
  "(6, 7, -1)": 2.239990711212158,
  "(6, 7, 0)": 1.190626859664917,
  "(6, 7, 1)": 1.067355751991272,
  "(6, 7, 2)": 0.5138348340988159,
  "(7, 3, -1)": 0.0007248636684380472,
  "(7, 3, 0)": 0.00030833572964183986,
  "(7, 3, 1)": 0.00037436402635648847,
  "(7, 3, 2)": 0.00024007982574403286,
  "(7, 5, -1)": 0.4468593895435333,
  "(7, 5, 0)": 0.2564365565776825,
  "(7, 5, 1)": 0.2288760244846344,
  "(7, 5, 2)": 0.1090213879942894,
  "(7, 7, -1)": 2.32917857170105,
  "(7, 7, 0)": 1.2821998596191406,
  "(7, 7, 1)": 1.1892619132995605,
  "(7, 7, 2)": 0.5880834460258484,
  "(8, 3, -1)": 0.00046947607188485563,
  "(8, 3, 0)": 0.00021093443501740694,
  "(8, 3, 1)": 0.0002558258129283786,
  "(8, 3, 2)": 0.0001630905899219215,
  "(8, 5, -1)": 0.45164650678634644,
  "(8, 5, 0)": 0.2659490406513214,
  "(8, 5, 1)": 0.2420923113822937,
  "(8, 5, 2)": 0.11747483164072037,
  "(8, 7, -1)": 2.391420841217041,
  "(8, 7, 0)": 1.3504959344863892,
  "(8, 7, 1)": 1.2806165218353271,
  "(8, 7, 2)": 0.6459591388702393,
  "(9, 3, -1)": 0.00032290510716848075,
  "(9, 3, 0)": 0.00015098846051841974,
  "(9, 3, 1)": 0.0001835348957683891,
  "(9, 3, 2)": 0.00011713874118868262,
  "(9, 5, -1)": 0.45521605014801025,
  "(9, 5, 0)": 0.27330175042152405,
  "(9, 5, 1)": 0.2522454261779785,
  "(9, 5, 2)": 0.12387409806251526,
  "(9, 7, -1)": 2.4383597373962402,
  "(9, 7, 0)": 1.4042367935180664,
  "(9, 7, 1)": 1.3520479202270508,
  "(9, 7, 2)": 0.6906416416168213,
  "(10, 3, -1)": 0.00023371864517685026,
  "(10, 3, 0)": 0.0001125793278333731,
  "(10, 3, 1)": 0.00013694047811441123,
  "(10, 3, 2)": 8.732698915991932e-05,
  "(10, 5, -1)": 0.4579470455646515,
  "(10, 5, 0)": 0.279103547334671,
  "(10, 5, 1)": 0.2602441906929016,
  "(10, 5, 2)": 0.12892158329486847,
  "(10, 7, -1)": 2.4744951725006104,
  "(10, 7, 0)": 1.4471431970596313,
  "(10, 7, 1)": 1.4089983701705933,
  "(10, 7, 2)": 0.7263675928115845,
  "(11, 3, -1)": 0.00017552473582327366,
  "(11, 3, 0)": 8.6535896116402e-05,
  "(11, 3, 1)": 0.00010533059685258195,
  "(11, 3, 2)": 6.716530333505943e-05,
  "(11, 5, -1)": 0.4601019024848938,
  "(11, 5, 0)": 0.28380286693573,
  "(11, 5, 1)": 0.26670601963996887,
  "(11, 5, 2)": 0.13298849761486053,
  "(11, 7, -1)": 2.5031588077545166,
  "(11, 7, 0)": 1.4821845293045044,
  "(11, 7, 1)": 1.4553972482681274,
  "(11, 7, 2)": 0.7554327249526978,
  "(12, 3, -1)": 0.00013581909297499806,
  "(12, 3, 0)": 6.820458656875417e-05,
  "(12, 3, 1)": 8.307060488732532e-05,
  "(12, 3, 2)": 5.294511356623843e-05,
  "(12, 5, -1)": 0.46184444427490234,
  "(12, 5, 0)": 0.28768283128738403,
  "(12, 5, 1)": 0.27203378081321716,
  "(12, 5, 2)": 0.13633456826210022,
  "(12, 7, -1)": 2.526397466659546,
  "(12, 7, 0)": 1.5112898349761963,
  "(12, 7, 1)": 1.4938883781433105,
  "(12, 7, 2)": 0.7795188426971436,
  "(13, 3, -1)": 0.00010765059414552525,
  "(13, 3, 0)": 5.488146052812226e-05,
  "(13, 3, 1)": 6.687261338811368e-05,
  "(13, 3, 2)": 4.260763307684101e-05,
  "(13, 5, -1)": 0.4632766544818878,
  "(13, 5, 0)": 0.29093313217163086,
  "(13, 5, 1)": 0.27649474143981934,
  "(13, 5, 2)": 0.13914084434509277,
  "(13, 7, -1)": 2.545560121536255,
  "(13, 7, 0)": 1.5357837677001953,
  "(13, 7, 1)": 1.5262726545333862,
  "(13, 7, 2)": 0.7998257279396057,
  "(14, 3, -1)": 8.701509796082973e-05,
  "(14, 3, 0)": 4.494027962209657e-05,
  "(14, 3, 1)": 5.4765547247370705e-05,
  "(14, 3, 2)": 3.4891185350716114e-05,
  "(14, 5, -1)": 0.4644777476787567,
  "(14, 5, 0)": 0.2937036454677582,
  "(14, 5, 1)": 0.2802882194519043,
  "(14, 5, 2)": 0.14151647686958313,
  "(14, 7, -1)": 2.5616562366485596,
  "(14, 7, 0)": 1.5567306280136108,
  "(14, 7, 1)": 1.5539088249206543,
  "(14, 7, 2)": 0.8170918226242065,
  "(15, 3, -1)": 7.155849743867293e-05,
  "(15, 3, 0)": 3.735355130629614e-05,
  "(15, 3, 1)": 4.5521675929194316e-05,
  "(15, 3, 2)": 2.899582432291936e-05,
  "(15, 5, -1)": 0.46549615263938904,
  "(15, 5, 0)": 0.2960855960845947,
  "(15, 5, 1)": 0.2835461497306824,
  "(15, 5, 2)": 0.143563374876976,
  "(15, 7, -1)": 2.575324535369873,
  "(15, 7, 0)": 1.5747891664505005,
  "(15, 7, 1)": 1.5777132511138916,
  "(15, 7, 2)": 0.8320168256759644,
  "(16, 3, -1)": 5.967219840385951e-05,
  "(16, 3, 0)": 3.1427312933374196e-05,
  "(16, 3, 1)": 3.832064612652175e-05,
  "(16, 3, 2)": 2.4399350877502002e-05,
  "(16, 5, -1)": 0.4663713276386261,
  "(16, 5, 0)": 0.2981550991535187,
  "(16, 5, 1)": 0.286377876996994,
  "(16, 5, 2)": 0.14534136652946472,
  "(16, 7, -1)": 2.5870771408081055,
  "(16, 7, 0)": 1.5905144214630127,
  "(16, 7, 1)": 1.5984537601470947,
  "(16, 7, 2)": 0.8450157642364502,
  "(17, 3, -1)": 5.034971400164068e-05,
  "(17, 3, 0)": 2.6730580430012196e-05,
  "(17, 3, 1)": 3.2622676371829584e-05,
  "(17, 3, 2)": 2.0775703887920827e-05,
  "(17, 5, -1)": 0.4671323597431183,
  "(17, 5, 0)": 0.29997819662094116,
  "(17, 5, 1)": 0.2888675034046173,
  "(17, 5, 2)": 0.14689739048480988,
  "(17, 7, -1)": 2.5973119735717773,
  "(17, 7, 0)": 1.6043882369995117,
  "(17, 7, 1)": 1.6167174577713013,
  "(17, 7, 2)": 0.8564176559448242,
  "(18, 3, -1)": 4.2985400796169415e-05,
  "(18, 3, 0)": 2.2983218514127657e-05,
  "(18, 3, 1)": 2.8040407414664514e-05,
  "(18, 3, 2)": 1.7858583305496722e-05,
  "(18, 5, -1)": 0.4677979052066803,
  "(18, 5, 0)": 0.30158814787864685,
  "(18, 5, 1)": 0.2910624146461487,
  "(18, 5, 2)": 0.1482754349708557,
  "(18, 7, -1)": 2.606264352798462,
  "(18, 7, 0)": 1.6166582107543945,
  "(18, 7, 1)": 1.6328462362289429,
  "(18, 7, 2)": 0.8665336966514587,
  "(19, 3, -1)": 3.705500785144977e-05,
  "(19, 3, 0)": 1.9913295545848086e-05,
  "(19, 3, 1)": 2.431084431009367e-05,
  "(19, 3, 2)": 1.5471450751647353e-05,
  "(20, 3, -1)": 3.215916876797564e-05,
  "(20, 3, 0)": 1.7385416867909953e-05,
  "(20, 3, 1)": 2.123960257449653e-05,
  "(20, 3, 2)": 1.3508043593901675e-05,
  "(21, 3, -1)": 2.8142148948973045e-05,
  "(21, 3, 0)": 1.5307552530430257e-05,
  "(21, 3, 1)": 1.8676953914109617e-05,
  "(21, 3, 2)": 1.1889899724337738e-05,
  "(22, 3, -1)": 2.4832464987412095e-05,
  "(22, 3, 0)": 1.3561909327108879e-05,
  "(22, 3, 1)": 1.6548332496313378e-05,
  "(22, 3, 2)": 1.0531218322284985e-05,
  "(23, 3, -1)": 2.1973797629470937e-05,
  "(23, 3, 0)": 1.2052142665197607e-05,
  "(23, 3, 1)": 1.4724777429364622e-05,
  "(23, 3, 2)": 9.382734788232483e-06,
  "(24, 3, -1)": 1.9613473341451026e-05,
  "(24, 3, 0)": 1.0794848094519693e-05,
  "(24, 3, 1)": 1.317296118941158e-05,
  "(24, 3, 2)": 8.384748070966452e-06,
  "(25, 3, -1)": 1.759040605975315e-05,
  "(25, 3, 0)": 9.727938959258609e-06,
  "(25, 3, 1)": 1.1853615433210507e-05,
  "(25, 3, 2)": 7.5517491495702416e-06,
  "(26, 3, -1)": 1.579480158397928e-05,
  "(26, 3, 0)": 8.742487807467114e-06,
  "(26, 3, 1)": 1.070857160812011e-05,
  "(26, 3, 2)": 6.816336281190161e-06,
  "(27, 3, -1)": 1.4298201676865574e-05,
  "(27, 3, 0)": 7.916399226814974e-06,
  "(27, 3, 1)": 9.702986972115468e-06,
  "(27, 3, 2)": 6.1685846048931126e-06,
  "(28, 3, -1)": 1.299027007917175e-05,
  "(28, 3, 0)": 7.223139164125314e-06,
  "(28, 3, 1)": 8.82361018739175e-06,
  "(28, 3, 2)": 5.606292234006105e-06,
  "(29, 3, -1)": 1.1863289728353266e-05,
  "(29, 3, 0)": 6.589476925000781e-06,
  "(29, 3, 1)": 8.053859346546233e-06,
  "(29, 3, 2)": 5.110469828650821e-06,