{
  "(5, 3, -1)": 0.0023828642442822456,
  "(5, 3, 0)": 0.00040341028943657875,
  "(5, 3, 1)": 0.00014700848259963095,
  "(5, 3, 2)": 0.0002908147871494293,
  "(5, 5, -1)": 0.43064773082733154,
  "(5, 5, 0)": 0.15486183762550354,
  "(5, 5, 1)": 0.09872390329837799,
  "(5, 5, 2)": 0.022141046822071075,
  "(5, 7, -1)": 2.124847173690796,
  "(5, 7, 0)": 0.7307292222976685,
  "(5, 7, 1)": 0.47150349617004395,
  "(5, 7, 2)": 0.1701774299144745,
  "(6, 3, -1)": 0.001262232312001288,
  "(6, 3, 0)": 0.00020133711223024875,
  "(6, 3, 1)": 5.3207068049232475e-06,
  "(6, 3, 2)": 0.00017763096548151225,
  "(6, 5, -1)": 0.43993139266967773,
  "(6, 5, 0)": 0.16205395758152008,
  "(6, 5, 1)": 0.08940950781106949,
  "(6, 5, 2)": 0.02302195504307747,
  "(6, 7, -1)": 2.2399909496307373,
  "(6, 7, 0)": 0.7621667981147766,
  "(6, 7, 1)": 0.4925141930580139,
  "(6, 7, 2)": 0.3936326503753662,
  "(7, 3, -1)": 0.0007248564506880939,
  "(7, 3, 0)": 9.890575165627524e-05,
  "(7, 3, 1)": 5.46501723874826e-05,
  "(7, 3, 2)": 6.685938569717109e-05,
  "(7, 5, -1)": 0.4468594491481781,
  "(7, 5, 0)": 0.15939204394817352,
  "(7, 5, 1)": 0.111923947930336,
  "(7, 5, 2)": 0.031783945858478546,
  "(7, 7, -1)": 2.329179048538208,
  "(7, 7, 0)": 0.7566665410995483,
  "(7, 7, 1)": 0.4424359202384949,
  "(7, 7, 2)": 0.12412331253290176,
  "(8, 3, -1)": 0.00046948337694630027,
  "(8, 3, 0)": 5.720390618080273e-05,
  "(8, 3, 1)": 3.250284134992398e-05,
  "(8, 3, 2)": 4.601283580996096e-05,
  "(8, 5, -1)": 0.45164477825164795,
  "(8, 5, 0)": 0.17626821994781494,
  "(8, 5, 1)": 0.09246784448623657,
  "(8, 5, 2)": 0.05527481809258461,
  "(8, 7, -1)": 2.3913848400115967,
  "(8, 7, 0)": 0.7775632739067078,
  "(8, 7, 1)": 0.336787611246109,
  "(8, 7, 2)": 0.16348890960216522,
  "(9, 3, -1)": 0.00033776761847548187,
  "(9, 3, 0)": 4.420243567437865e-05,
  "(9, 3, 1)": 1.8449569324729964e-05,
  "(9, 3, 2)": 2.672831942618359e-05,
  "(9, 5, -1)": 0.45479825139045715,
  "(9, 5, 0)": 0.1672791689634323,
  "(9, 5, 1)": 0.062264151871204376,
  "(9, 5, 2)": 0.07261460274457932,
  "(9, 7, -1)": 2.432573080062866,
  "(9, 7, 0)": 0.807235598564148,
  "(9, 7, 1)": 0.4820578992366791,
  "(9, 7, 2)": 0.1658877730369568,
  "(10, 3, -1)": 0.0002831638266798109,
  "(10, 3, 0)": 3.8466609112219885e-05,
  "(10, 3, 1)": 2.5664905479061417e-05,
  "(10, 3, 2)": 7.273350092873443e-06,
  "(10, 5, -1)": 0.4562074542045593,
  "(10, 5, 0)": 0.16670288145542145,
  "(10, 5, 1)": 0.09309544414281845,
  "(10, 5, 2)": 0.05395732447504997,
  "(10, 7, -1)": 2.452162504196167,
  "(10, 7, 0)": 0.8026112914085388,
  "(10, 7, 1)": 0.4320622384548187,
  "(10, 7, 2)": 0.29582616686820984,
  "(11, 3, -1)": 0.00026346961385570467,
  "(11, 3, 0)": 3.8569283788092434e-05,
  "(11, 3, 1)": 6.817304438300198e-06,
  "(11, 3, 2)": 8.000631169124972e-06,
  "(11, 5, -1)": 0.456831693649292,
  "(11, 5, 0)": 0.16663648188114166,
  "(11, 5, 1)": 0.09479261189699173,
  "(11, 5, 2)": 0.06304817646741867,
  "(11, 7, -1)": 2.4644546508789062,
  "(11, 7, 0)": 0.7944185137748718,
  "(11, 7, 1)": 0.42859113216400146,
  "(11, 7, 2)": 0.24417558312416077,
  "(12, 3, -1)": 0.00026106659788638353,
  "(12, 3, 0)": 2.3129716282710433e-05,
  "(12, 3, 1)": 1.4220817320165224e-05,
  "(12, 3, 2)": 1.748467366269324e-05,
  "(12, 5, -1)": 0.4573325216770172,
  "(12, 5, 0)": 0.16957737505435944,
  "(12, 5, 1)": 0.09251617640256882,
  "(12, 5, 2)": 0.070707306265831,
  "(12, 7, -1)": 2.466313362121582,
  "(12, 7, 0)": 0.8093690276145935,
  "(12, 7, 1)": 0.46944794058799744,
  "(12, 7, 2)": 0.30805760622024536,
  "(13, 3, -1)": 0.0002539210836403072,
  "(13, 3, 0)": 4.566775169223547e-05,
  "(13, 3, 1)": 6.734661837981548e-06,
  "(13, 3, 2)": 2.1946398192085326e-05,
  "(13, 5, -1)": 0.45712554454803467,
  "(13, 5, 0)": 0.1778574436903,
  "(13, 5, 1)": 0.1037341058254242,
  "(13, 5, 2)": 0.057210806757211685,
  "(13, 7, -1)": 2.4655563831329346,
  "(13, 7, 0)": 0.8461289405822754,
  "(13, 7, 1)": 0.41818898916244507,
  "(13, 7, 2)": 0.36450716853141785,
  "(14, 3, -1)": 0.0002564680471550673,
  "(14, 3, 0)": 4.1029103158507496e-05,
  "(14, 3, 1)": 1.3967195627628826e-05,
  "(14, 3, 2)": 1.1931659173569642e-05,
  "(14, 5, -1)": 0.45699208974838257,
  "(14, 5, 0)": 0.16693377494812012,
  "(14, 5, 1)": 0.09955701231956482,
  "(14, 5, 2)": 0.057337693870067596,
  "(14, 7, -1)": 2.4621405601501465,
  "(14, 7, 0)": 0.7876225113868713,
  "(14, 7, 1)": 0.28019899129867554,
  "(14, 7, 2)": 0.1591043919324875,
  "(15, 3, -1)": 0.00024354910419788212,
  "(15, 3, 0)": 4.6096742153167725e-05,
  "(15, 3, 1)": 1.465158311475534e-05,
  "(15, 3, 2)": 5.357126610761043e-06,
  "(15, 5, -1)": 0.4569145739078522,
  "(15, 5, 0)": 0.1737220287322998,
  "(15, 5, 1)": 0.0900144875049591,
  "(15, 5, 2)": 0.06599032878875732,
  "(15, 7, -1)": 2.4597771167755127,
  "(15, 7, 0)": 0.8223766684532166,
  "(15, 7, 1)": 0.37065640091896057,
  "(15, 7, 2)": 0.3125133216381073,
  "(16, 3, -1)": 0.00024099051370285451,
  "(16, 3, 0)": 3.124626164208166e-05,
  "(16, 3, 1)": 8.646863534522709e-06,
  "(16, 3, 2)": 6.141275662230328e-06,
  "(16, 5, -1)": 0.45689305663108826,
  "(16, 5, 0)": 0.16910287737846375,
  "(16, 5, 1)": 0.09033310413360596,
  "(16, 5, 2)": 0.06583744287490845,
  "(16, 7, -1)": 2.466367244720459,
  "(16, 7, 0)": 0.7950587868690491,
  "(16, 7, 1)": 0.406480997800827,
  "(16, 7, 2)": 0.24507175385951996,
  "(17, 3, -1)": 0.0002453114720992744,
  "(17, 3, 0)": 3.072995241382159e-05,
  "(17, 3, 1)": 9.297511496697553e-06,
  "(17, 3, 2)": 2.2961061404203065e-05,
  "(17, 5, -1)": 0.4560599625110626,
  "(17, 5, 0)": 0.16386868059635162,
  "(17, 5, 1)": 0.09320691972970963,
  "(17, 5, 2)": 0.08244916796684265,
  "(17, 7, -1)": 2.4605321884155273,
  "(17, 7, 0)": 0.8003758192062378,
  "(17, 7, 1)": 0.36424776911735535,
  "(17, 7, 2)": 0.37949028611183167,
  "(18, 3, -1)": 0.00024056060647126287,
  "(18, 3, 0)": 3.642961382865906e-05,
  "(18, 3, 1)": 9.048110769072082e-06,
  "(18, 3, 2)": 1.1923088095500134e-05,
  "(18, 5, -1)": 0.4563535153865814,
  "(18, 5, 0)": 0.16304486989974976,
  "(18, 5, 1)": 0.06386026740074158,
  "(18, 5, 2)": 0.057257167994976044,
  "(18, 7, -1)": 2.4580469131469727,
  "(18, 7, 0)": 0.8357970118522644,
  "(18, 7, 1)": 0.40074965357780457,
  "(18, 7, 2)": 0.3361661434173584,
  "(19, 3, -1)": 0.013434862717986107,
  "(19, 3, 0)": 0.008488764055073261,
  "(19, 3, 1)": 0.007161811459809542,
  "(19, 3, 2)": 0.0031512612476944923,
  "(20, 3, -1)": 0.015023103915154934,
  "(20, 3, 0)": 0.006645527668297291,
  "(20, 3, 1)": 0.008075225166976452,
  "(20, 3, 2)": 0.005093444138765335,
  "(21, 3, -1)": 0.01315807644277811,
  "(21, 3, 0)": 0.011909328401088715,
  "(21, 3, 1)": 0.009910832159221172,
  "(21, 3, 2)": 0.004138700198382139,
  "(22, 3, -1)": 0.012420076876878738,
  "(22, 3, 0)": 0.007557684555649757,
  "(22, 3, 1)": 0.002652818337082863,
  "(22, 3, 2)": 0.004076877608895302,
  "(23, 3, -1)": 0.0794963464140892,
  "(23, 3, 0)": 0.10415450483560562,
  "(23, 3, 1)": 0.14102378487586975,
  "(23, 3, 2)": 0.09756823629140854,
  "(24, 3, -1)": 0.10591132193803787,
  "(24, 3, 0)": 0.12492251396179199,
  "(24, 3, 1)": 0.112575002014637,
  "(24, 3, 2)": 0.05360250547528267,
  "(25, 3, -1)": 0.15834935009479523,
  "(25, 3, 0)": 0.17933174967765808,
  "(25, 3, 1)": 0.10766866058111191,
  "(25, 3, 2)": 0.08613336086273193,
  "(26, 3, -1)": 0.16139474511146545,
  "(26, 3, 0)": 0.18195496499538422,
  "(26, 3, 1)": 0.10589300096035004,
  "(26, 3, 2)": 0.047612134367227554,
  "(27, 3, -1)": 0.10467182844877243,
  "(27, 3, 0)": 0.16308747231960297,
  "(27, 3, 1)": 0.1469545066356659,
  "(27, 3, 2)": 0.10707960277795792,
  "(28, 3, -1)": 0.14819258451461792,
  "(28, 3, 0)": 0.07381916046142578,
  "(28, 3, 1)": 0.1511165052652359,
  "(28, 3, 2)": 0.1109839379787445,
  "(29, 3, -1)": 0.0794929563999176,
  "(29, 3, 0)": 0.111602783203125,
  "(29, 3, 1)": 0.09243550896644592,
  "(29, 3, 2)": 0.03730928152799606,
  "(30, 3, -1)": 0.1137949600815773,
  "(30, 3, 0)": 0.08254588395357132,