{
  "(5, 3, -1)": 0.1651550531387329,
  "(5, 3, 0)": 0.0648430585861206,
  "(5, 3, 1)": 0.08785533905029297,
  "(5, 3, 2)": 0.05126237869262695,
  "(5, 5, -1)": 40.361751556396484,
  "(5, 5, 0)": 23.98635482788086,
  "(5, 5, 1)": 17.946632385253906,
  "(5, 5, 2)": 5.891062259674072,
  "(5, 7, -1)": 228.77720642089844,
  "(5, 7, 0)": 130.1526336669922,
  "(5, 7, 1)": 102.6805648803711,
  "(5, 7, 2)": 36.29347229003906,
  "(6, 3, -1)": 0.09551787376403809,
  "(6, 3, 0)": 0.04180872440338135,
  "(6, 3, 1)": 0.05698347091674805,
  "(6, 3, 2)": 0.03273963928222656,
  "(6, 5, -1)": 40.91116714477539,
  "(6, 5, 0)": 25.474712371826172,
  "(6, 5, 1)": 20.248443603515625,
  "(6, 5, 2)": 7.139639854431152,
  "(6, 7, -1)": 238.90550231933594,
  "(6, 7, 0)": 142.19186401367188,
  "(6, 7, 1)": 120.63933563232422,
  "(6, 7, 2)": 46.27873992919922,
  "(7, 3, -1)": 0.06097114086151123,
  "(7, 3, 0)": 0.028823494911193848,
  "(7, 3, 1)": 0.039759159088134766,
  "(7, 3, 2)": 0.022917747497558594,
  "(7, 5, -1)": 41.309814453125,
  "(7, 5, 0)": 26.563430786132812,
  "(7, 5, 1)": 21.86690330505371,
  "(7, 5, 2)": 7.957143783569336,
  "(7, 7, -1)": 246.38949584960938,
  "(7, 7, 0)": 151.3778076171875,
  "(7, 7, 1)": 133.85995483398438,
  "(7, 7, 2)": 53.162471771240234,
  "(8, 3, -1)": 0.04262256622314453,
  "(8, 3, 0)": 0.021144866943359375,
  "(8, 3, 1)": 0.029319286346435547,
  "(8, 3, 2)": 0.016863346099853516,
  "(8, 5, -1)": 41.5911750793457,
  "(8, 5, 0)": 27.338512420654297,
  "(8, 5, 1)": 23.045948028564453,
  "(8, 5, 2)": 8.565702438354492,
  "(8, 7, -1)": 251.6174774169922,
  "(8, 7, 0)": 158.08946228027344,
  "(8, 7, 1)": 143.74778747558594,
  "(8, 7, 2)": 58.43354034423828,
  "(9, 3, -1)": 0.03143715858459473,
  "(9, 3, 0)": 0.016152262687683105,
  "(9, 3, 1)": 0.022496700286865234,
  "(9, 3, 2)": 0.012929916381835938,
  "(9, 5, -1)": 41.80051803588867,
  "(9, 5, 0)": 27.929283142089844,
  "(9, 5, 1)": 23.94446563720703,
  "(9, 5, 2)": 9.025773048400879,
  "(9, 7, -1)": 255.5311737060547,
  "(9, 7, 0)": 163.28741455078125,
  "(9, 7, 1)": 151.41156005859375,
  "(9, 7, 2)": 62.492889404296875,
  "(10, 3, -1)": 0.02416086196899414,
  "(10, 3, 0)": 0.012744665145874023,
  "(10, 3, 1)": 0.017804622650146484,
  "(10, 3, 2)": 0.010222911834716797,
  "(10, 5, -1)": 41.961116790771484,
  "(10, 5, 0)": 28.39086151123047,
  "(10, 5, 1)": 24.650075912475586,
  "(10, 5, 2)": 9.387408256530762,
  "(10, 7, -1)": 258.5386047363281,
  "(10, 7, 0)": 167.3934783935547,
  "(10, 7, 1)": 157.4990997314453,
  "(10, 7, 2)": 65.72241973876953,
  "(11, 3, -1)": 0.019157052040100098,
  "(11, 3, 0)": 0.010311365127563477,
  "(11, 3, 1)": 0.014436721801757812,
  "(11, 3, 2)": 0.008283615112304688,
  "(11, 5, -1)": 42.08767318725586,
  "(11, 5, 0)": 28.761890411376953,
  "(11, 5, 1)": 25.218395233154297,
  "(11, 5, 2)": 9.678237915039062,
  "(11, 7, -1)": 260.9178466796875,
  "(11, 7, 0)": 170.71975708007812,
  "(11, 7, 1)": 162.44224548339844,
  "(11, 7, 2)": 68.34210968017578,
  "(12, 3, -1)": 0.015557169914245605,
  "(12, 3, 0)": 0.008512258529663086,
  "(12, 3, 1)": 0.011940956115722656,
  "(12, 3, 2)": 0.006846427917480469,
  "(12, 5, -1)": 42.19039535522461,
  "(12, 5, 0)": 29.066452026367188,
  "(12, 5, 1)": 25.685867309570312,
  "(12, 5, 2)": 9.917216300964355,
  "(12, 7, -1)": 262.8475036621094,
  "(12, 7, 0)": 173.46575927734375,
  "(12, 7, 1)": 166.5326690673828,
  "(12, 7, 2)": 70.50850677490234,
  "(13, 3, -1)": 0.01288747787475586,
  "(13, 3, 0)": 0.007147789001464844,
  "(13, 3, 1)": 0.010040283203125,
  "(13, 3, 2)": 0.0057525634765625,
  "(13, 5, -1)": 42.27460861206055,
  "(13, 5, 0)": 29.320384979248047,
  "(13, 5, 1)": 26.076868057250977,
  "(13, 5, 2)": 10.117263793945312,
  "(13, 7, -1)": 264.4356994628906,
  "(13, 7, 0)": 175.76556396484375,
  "(13, 7, 1)": 169.969482421875,
  "(13, 7, 2)": 72.33018493652344,
  "(14, 3, -1)": 0.010856389999389648,
  "(14, 3, 0)": 0.006086111068725586,
  "(14, 3, 1)": 0.008559226989746094,
  "(14, 3, 2)": 0.004901885986328125,
  "(14, 5, -1)": 42.34536361694336,
  "(14, 5, 0)": 29.535995483398438,
  "(14, 5, 1)": 26.408803939819336,
  "(14, 5, 2)": 10.286491394042969,
  "(14, 7, -1)": 265.7696228027344,
  "(14, 7, 0)": 177.72409057617188,
  "(14, 7, 1)": 172.89706420898438,
  "(14, 7, 2)": 73.87699890136719,
  "(15, 3, -1)": 0.009266257286071777,
  "(15, 3, 0)": 0.0052487850189208984,
  "(15, 3, 1)": 0.007383823394775391,
  "(15, 3, 2)": 0.004226207733154297,
  "(15, 5, -1)": 42.405330657958984,
  "(15, 5, 0)": 29.720775604248047,
  "(15, 5, 1)": 26.693653106689453,
  "(15, 5, 2)": 10.432137489318848,
  "(15, 7, -1)": 266.9018249511719,
  "(15, 7, 0)": 179.4073944091797,
  "(15, 7, 1)": 175.41676330566406,
  "(15, 7, 2)": 75.21190643310547,
  "(16, 3, -1)": 0.00800621509552002,
  "(16, 3, 0)": 0.004565596580505371,
  "(16, 3, 1)": 0.006433010101318359,
  "(16, 3, 2)": 0.003680706024169922,
  "(16, 5, -1)": 42.457027435302734,
  "(16, 5, 0)": 29.88091278076172,
  "(16, 5, 1)": 26.940975189208984,
  "(16, 5, 2)": 10.558615684509277,
  "(16, 7, -1)": 267.8768615722656,
  "(16, 7, 0)": 180.8697052001953,
  "(16, 7, 1)": 177.60989379882812,
  "(16, 7, 2)": 76.37374114990234,
  "(17, 3, -1)": 0.0069732666015625,
  "(17, 3, 0)": 0.004006862640380859,
  "(17, 3, 1)": 0.005656719207763672,
  "(17, 3, 2)": 0.0032362937927246094,
  "(17, 5, -1)": 42.50189208984375,
  "(17, 5, 0)": 30.021621704101562,
  "(17, 5, 1)": 27.158206939697266,
  "(17, 5, 2)": 10.669256210327148,
  "(17, 7, -1)": 268.7247009277344,
  "(17, 7, 0)": 182.1559600830078,
  "(17, 7, 1)": 179.53868103027344,
  "(17, 7, 2)": 77.39246368408203,
  "(18, 3, -1)": 0.006136894226074219,
  "(18, 3, 0)": 0.0035535097122192383,
  "(18, 3, 1)": 0.0050106048583984375,
  "(18, 3, 2)": 0.0028657913208007812,
  "(18, 5, -1)": 42.54118347167969,
  "(18, 5, 0)": 30.145599365234375,
  "(18, 5, 1)": 27.34973907470703,
  "(18, 5, 2)": 10.767163276672363,
  "(18, 7, -1)": 269.466552734375,
  "(18, 7, 0)": 183.29095458984375,
  "(18, 7, 1)": 181.2420654296875,
  "(18, 7, 2)": 78.2947769165039,
  "(19, 3, -1)": 0.005451083183288574,
  "(19, 3, 0)": 0.00316619873046875,
  "(19, 3, 1)": 0.004471302032470703,
  "(19, 3, 2)": 0.0025534629821777344,
  "(20, 3, -1)": 0.0048629045486450195,
  "(20, 3, 0)": 0.0028411149978637695,
  "(20, 3, 1)": 0.004013538360595703,
  "(20, 3, 2)": 0.002289295196533203,
  "(21, 3, -1)": 0.004373431205749512,
  "(21, 3, 0)": 0.002566814422607422,
  "(21, 3, 1)": 0.0036215782165527344,
  "(21, 3, 2)": 0.002068042755126953,
  "(22, 3, -1)": 0.003948569297790527,
  "(22, 3, 0)": 0.0023235082626342773,
  "(22, 3, 1)": 0.00328826904296875,
  "(22, 3, 2)": 0.0018773078918457031,
  "(23, 3, -1)": 0.0035805702209472656,
  "(23, 3, 0)": 0.002116680145263672,
  "(23, 3, 1)": 0.002994060516357422,
  "(23, 3, 2)": 0.0017094612121582031,
  "(24, 3, -1)": 0.0032694339752197266,
  "(24, 3, 0)": 0.0019385814666748047,
  "(24, 3, 1)": 0.002738475799560547,
  "(24, 3, 2)": 0.0015630722045898438,
  "(25, 3, -1)": 0.0030024051666259766,
  "(25, 3, 0)": 0.001784205436706543,
  "(25, 3, 1)": 0.002517223358154297,
  "(25, 3, 2)": 0.0014390945434570312,
  "(26, 3, -1)": 0.00274813175201416,
  "(26, 3, 0)": 0.0016400814056396484,
  "(26, 3, 1)": 0.002319812774658203,
  "(26, 3, 2)": 0.0013256072998046875,
  "(27, 3, -1)": 0.00252687931060791,
  "(27, 3, 0)": 0.0015151500701904297,
  "(27, 3, 1)": 0.002143383026123047,
  "(27, 3, 2)": 0.0012230873107910156,
  "(28, 3, -1)": 0.002341747283935547,
  "(28, 3, 0)": 0.0014102458953857422,
  "(28, 3, 1)": 0.001986980438232422,
  "(28, 3, 2)": 0.0011334419250488281,
  "(29, 3, -1)": 0.002181529998779297,
  "(29, 3, 0)": 0.00130462646484375,
  "(29, 3, 1)": 0.0018482208251953125,
  "(29, 3, 2)": 0.0010519027709960938,
  "(30, 3, -1)": 0.002021312713623047,
  "(30, 3, 0)": 0.0012133121490478516,
  "(30, 3, 1)": 0.0017261505126953125,
  "(30, 3, 2)": 0.0009784698486328125
}