{
  "(5, 3, -1)": 0.1651550531387329,
  "(5, 3, 0)": 0.03539752960205078,
  "(5, 3, 1)": 0.011880278587341309,
  "(5, 3, 2)": 0.025354862213134766,
  "(5, 5, -1)": 40.36175537109375,
  "(5, 5, 0)": 14.569851875305176,
  "(5, 5, 1)": 10.71448040008545,
  "(5, 5, 2)": 2.653273582458496,
  "(5, 7, -1)": 228.77719116210938,
  "(5, 7, 0)": 79.62604522705078,
  "(5, 7, 1)": 58.75619888305664,
  "(5, 7, 2)": 17.540668487548828,
  "(6, 3, -1)": 0.09551787376403809,
  "(6, 3, 0)": 0.019724369049072266,
  "(6, 3, 1)": 0.0003871917724609375,
  "(6, 3, 2)": 0.014896869659423828,
  "(6, 5, -1)": 40.91117477416992,
  "(6, 5, 0)": 15.640511512756348,
  "(6, 5, 1)": 10.119868278503418,
  "(6, 5, 2)": 3.0663537979125977,
  "(6, 7, -1)": 238.9055633544922,
  "(6, 7, 0)": 82.03509521484375,
  "(6, 7, 1)": 59.92977523803711,
  "(6, 7, 2)": 46.85177993774414,
  "(7, 3, -1)": 0.060970187187194824,
  "(7, 3, 0)": 0.010347366333007812,
  "(7, 3, 1)": 0.005631685256958008,
  "(7, 3, 2)": 0.007166385650634766,
  "(7, 5, -1)": 41.3098258972168,
  "(7, 5, 0)": 13.745781898498535,
  "(7, 5, 1)": 12.390416145324707,
  "(7, 5, 2)": 3.978543281555176,
  "(7, 7, -1)": 246.38963317871094,
  "(7, 7, 0)": 70.91962432861328,
  "(7, 7, 1)": 54.04051971435547,
  "(7, 7, 2)": 13.161944389343262,
  "(8, 3, -1)": 0.042636871337890625,
  "(8, 3, 0)": 0.005815029144287109,
  "(8, 3, 1)": 0.003116607666015625,
  "(8, 3, 2)": 0.004459381103515625,
  "(8, 5, -1)": 41.59090042114258,
  "(8, 5, 0)": 17.874130249023438,
  "(8, 5, 1)": 10.422429084777832,
  "(8, 5, 2)": 6.307085037231445,
  "(8, 7, -1)": 251.60902404785156,
  "(8, 7, 0)": 76.81788635253906,
  "(8, 7, 1)": 41.548362731933594,
  "(8, 7, 2)": 20.940715789794922,
  "(9, 3, -1)": 0.03239083290100098,
  "(9, 3, 0)": 0.005043745040893555,
  "(9, 3, 1)": 0.0021162033081054688,
  "(9, 3, 2)": 0.003048419952392578,
  "(9, 5, -1)": 41.77500915527344,
  "(9, 5, 0)": 15.874585151672363,
  "(9, 5, 1)": 7.022961616516113,
  "(9, 5, 2)": 8.216046333312988,
  "(9, 7, -1)": 255.02516174316406,
  "(9, 7, 0)": 85.52855682373047,
  "(9, 7, 1)": 58.6330451965332,
  "(9, 7, 2)": 20.874252319335938,
  "(10, 3, -1)": 0.027256250381469727,
  "(10, 3, 0)": 0.003549814224243164,
  "(10, 3, 1)": 0.0031853914260864258,
  "(10, 3, 2)": 0.0005245208740234375,
  "(10, 5, -1)": 41.83742904663086,
  "(10, 5, 0)": 15.570965766906738,
  "(10, 5, 1)": 10.189637184143066,
  "(10, 5, 2)": 6.338141441345215,
  "(10, 7, -1)": 256.61810302734375,
  "(10, 7, 0)": 82.75814819335938,
  "(10, 7, 1)": 54.035762786865234,
  "(10, 7, 2)": 37.32162857055664,
  "(11, 3, -1)": 0.0249173641204834,
  "(11, 3, 0)": 0.0034308433532714844,
  "(11, 3, 1)": 0.0007081031799316406,
  "(11, 3, 2)": 0.0007374286651611328,
  "(11, 5, -1)": 41.87257766723633,
  "(11, 5, 0)": 15.507243156433105,
  "(11, 5, 1)": 10.221943855285645,
  "(11, 5, 2)": 7.265393257141113,
  "(11, 7, -1)": 257.5599670410156,
  "(11, 7, 0)": 79.21280670166016,
  "(11, 7, 1)": 51.81640625,
  "(11, 7, 2)": 30.01833724975586,
  "(12, 3, -1)": 0.023883581161499023,
  "(12, 3, 0)": 0.002299070358276367,
  "(12, 3, 1)": 0.001726984977722168,
  "(12, 3, 2)": 0.0014231204986572266,
  "(12, 5, -1)": 41.92899703979492,
  "(12, 5, 0)": 16.243431091308594,
  "(12, 5, 1)": 10.4320650100708,
  "(12, 5, 2)": 7.2895917892456055,
  "(12, 7, -1)": 257.56317138671875,
  "(12, 7, 0)": 85.21125793457031,
  "(12, 7, 1)": 57.85708999633789,
  "(12, 7, 2)": 37.54224395751953,
  "(13, 3, -1)": 0.02268242835998535,
  "(13, 3, 0)": 0.003648996353149414,
  "(13, 3, 1)": 0.0007028579711914062,
  "(13, 3, 2)": 0.0021691322326660156,
  "(13, 5, -1)": 41.89252853393555,
  "(13, 5, 0)": 17.92975616455078,
  "(13, 5, 1)": 11.293885231018066,
  "(13, 5, 2)": 5.843747138977051,
  "(13, 7, -1)": 257.6607971191406,
  "(13, 7, 0)": 94.76329040527344,
  "(13, 7, 1)": 52.06288528442383,
  "(13, 7, 2)": 43.00474548339844,
  "(14, 3, -1)": 0.022935152053833008,
  "(14, 3, 0)": 0.003319859504699707,
  "(14, 3, 1)": 0.0010901689529418945,
  "(14, 3, 2)": 0.0012226104736328125,
  "(14, 5, -1)": 41.84572982788086,
  "(14, 5, 0)": 15.749249458312988,
  "(14, 5, 1)": 11.120085716247559,
  "(14, 5, 2)": 6.327005386352539,
  "(14, 7, -1)": 256.98046875,
  "(14, 7, 0)": 77.43402099609375,
  "(14, 7, 1)": 33.55215072631836,
  "(14, 7, 2)": 21.589733123779297,
  "(15, 3, -1)": 0.021793842315673828,
  "(15, 3, 0)": 0.0034911632537841797,
  "(15, 3, 1)": 0.0014872550964355469,
  "(15, 3, 2)": 0.0003993511199951172,
  "(15, 5, -1)": 41.86800765991211,
  "(15, 5, 0)": 17.163578033447266,
  "(15, 5, 1)": 10.095812797546387,
  "(15, 5, 2)": 7.510129928588867,
  "(15, 7, -1)": 256.61102294921875,
  "(15, 7, 0)": 88.207275390625,
  "(15, 7, 1)": 46.63410568237305,
  "(15, 7, 2)": 39.946556091308594,
  "(16, 3, -1)": 0.021968364715576172,
  "(16, 3, 0)": 0.0028662681579589844,
  "(16, 3, 1)": 0.0005152225494384766,
  "(16, 3, 2)": 0.0006375312805175781,
  "(16, 5, -1)": 41.88045883178711,
  "(16, 5, 0)": 16.257976531982422,
  "(16, 5, 1)": 10.041668891906738,
  "(16, 5, 2)": 7.657259941101074,
  "(16, 7, -1)": 257.7464904785156,
  "(16, 7, 0)": 80.65338134765625,
  "(16, 7, 1)": 50.3908576965332,
  "(16, 7, 2)": 29.00189208984375,
  "(17, 3, -1)": 0.022324800491333008,
  "(17, 3, 0)": 0.002383589744567871,
  "(17, 3, 1)": 0.0008530616760253906,
  "(17, 3, 2)": 0.0017327070236206055,
  "(17, 5, -1)": 41.76958084106445,
  "(17, 5, 0)": 14.87429141998291,
  "(17, 5, 1)": 10.149327278137207,
  "(17, 5, 2)": 9.039889335632324,
  "(17, 7, -1)": 257.0157775878906,
  "(17, 7, 0)": 82.78167724609375,
  "(17, 7, 1)": 43.559791564941406,
  "(17, 7, 2)": 41.13010787963867,
  "(18, 3, -1)": 0.0211181640625,
  "(18, 3, 0)": 0.0032743215560913086,
  "(18, 3, 1)": 0.0005621910095214844,
  "(18, 3, 2)": 0.0007417201995849609,
  "(18, 5, -1)": 41.825965881347656,
  "(18, 5, 0)": 14.947463035583496,
  "(18, 5, 1)": 7.459620475769043,
  "(18, 5, 2)": 6.211578369140625,
  "(18, 7, -1)": 256.3341369628906,
  "(18, 7, 0)": 93.43363952636719,
  "(18, 7, 1)": 49.32158660888672,
  "(18, 7, 2)": 42.3182258605957,
  "(19, 3, -1)": 0.7562999725341797,
  "(19, 3, 0)": 0.5373350381851196,
  "(19, 3, 1)": 0.7923099398612976,
  "(19, 3, 2)": 0.3339657783508301,
  "(20, 3, -1)": 0.8711040019989014,
  "(20, 3, 0)": 0.3859272003173828,
  "(20, 3, 1)": 0.4019801616668701,
  "(20, 3, 2)": 0.45269179344177246,
  "(21, 3, -1)": 0.6408848762512207,
  "(21, 3, 0)": 0.5531647205352783,
  "(21, 3, 1)": 0.5096096992492676,
  "(21, 3, 2)": 0.29767417907714844,
  "(22, 3, -1)": 0.6961252689361572,
  "(22, 3, 0)": 0.7287108898162842,
  "(22, 3, 1)": 0.24845874309539795,
  "(22, 3, 2)": 0.3371727466583252,
  "(23, 3, -1)": 3.132132053375244,
  "(23, 3, 0)": 7.336729526519775,
  "(23, 3, 1)": 9.67162036895752,
  "(23, 3, 2)": 6.957925796508789,
  "(24, 3, -1)": 5.587996959686279,
  "(24, 3, 0)": 7.911671161651611,
  "(24, 3, 1)": 8.900052070617676,
  "(24, 3, 2)": 4.977753162384033,
  "(25, 3, -1)": 10.27479362487793,
  "(25, 3, 0)": 12.535956382751465,
  "(25, 3, 1)": 6.936224937438965,
  "(25, 3, 2)": 7.581423759460449,
  "(26, 3, -1)": 10.48453140258789,
  "(26, 3, 0)": 13.761482238769531,
  "(26, 3, 1)": 8.47878646850586,
  "(26, 3, 2)": 3.364935874938965,
  "(27, 3, -1)": 6.325997352600098,
  "(27, 3, 0)": 11.03067684173584,
  "(27, 3, 1)": 10.58687973022461,
  "(27, 3, 2)": 8.416525840759277,
  "(28, 3, -1)": 9.854535102844238,
  "(28, 3, 0)": 2.822505235671997,
  "(28, 3, 1)": 12.662942886352539,
  "(28, 3, 2)": 8.109230041503906,
  "(29, 3, -1)": 3.528543472290039,
  "(29, 3, 0)": 5.959890842437744,
  "(29, 3, 1)": 7.05911922454834,
  "(29, 3, 2)": 2.024183750152588,
  "(30, 3, -1)": 7.328246116638184,
  "(30, 3, 0)": 4.500244140625,
  "(30, 3, 1)": 9.945286750793457,
  "(30, 3, 2)": 5.157865524291992
}