{
  "(5, 3, 0)": [
    0.9486857652664185
  ],
  "(5, 3, 1)": [
    0.7992533445358276,
    0.3234017491340637
  ],
  "(5, 3, 2)": [
    0.6648067235946655,
    0.32801711559295654,
    0.08277750015258789
  ],
  "(5, 5, 0)": [
    0.7989754676818848
  ],
  "(5, 5, 1)": [
    0.7247687578201294,
    0.1966308057308197
  ],
  "(5, 5, 2)": [
    0.4845244288444519,
    0.21193140745162964,
    0.1104532778263092
  ],
  "(5, 7, 0)": [
    0.711820125579834
  ],
  "(5, 7, 1)": [
    0.5771670341491699,
    0.08342643082141876
  ],
  "(5, 7, 2)": [
    0.4330118000507355,
    0.1550704389810562,
    0.12842890620231628
  ],
  "(6, 3, 0)": [
    0.9050145745277405
  ],
  "(6, 3, 1)": [
    0.68124920129776,
    0.1576300859451294
  ],
  "(6, 3, 2)": [
    0.3444775938987732,
    0.07752063870429993,
    -0.04389089345932007
  ],
  "(6, 5, 0)": [
    0.7222073674201965
  ],
  "(6, 5, 1)": [
    0.667916476726532,
    0.19042028486728668
  ],
  "(6, 5, 2)": [
    0.5167274475097656,
    0.1920468807220459,
    0.016749046742916107
  ],
  "(6, 7, 0)": [
    0.705126941204071
  ],
  "(6, 7, 1)": [
    0.6500828862190247,
    0.11241576075553894
  ],
  "(6, 7, 2)": [
    0.5626966953277588,
    0.06222432851791382,
    -0.14961087703704834
  ],
  "(7, 3, 0)": [
    0.5653235912322998
  ],
  "(7, 3, 1)": [
    0.8017165660858154,
    0.3362368941307068
  ],
  "(7, 3, 2)": [
    0.7058728933334351,
    0.2836221158504486,
    0.04303276538848877
  ],
  "(7, 5, 0)": [
    0.8549962043762207
  ],
  "(7, 5, 1)": [
    0.5992491245269775,
    0.07432353496551514
  ],
  "(7, 5, 2)": [
    0.46683427691459656,
    0.12531650066375732,
    -0.026686042547225952
  ],
  "(7, 7, 0)": [
    0.8329802751541138
  ],
  "(7, 7, 1)": [
    0.6792647838592529,
    0.1646653115749359
  ],
  "(7, 7, 2)": [
    0.5621534585952759,
    0.18405845761299133,
    -0.07237929105758667
  ],
  "(8, 3, 0)": [
    0.7464233040809631
  ],
  "(8, 3, 1)": [
    0.5843765735626221,
    0.0789627656340599
  ],
  "(8, 3, 2)": [
    0.46152356266975403,
    0.08697549998760223,
    -0.08575525879859924
  ],
  "(8, 5, 0)": [
    0.5928436517715454
  ],
  "(8, 5, 1)": [
    0.6662532687187195,
    0.17651817202568054
  ],
  "(8, 5, 2)": [
    0.5198411345481873,
    0.0960029661655426,
    -0.11423201113939285
  ],
  "(8, 7, 0)": [
    0.7757173776626587
  ],
  "(8, 7, 1)": [
    0.7333046197891235,
    0.2600213289260864
  ],
  "(8, 7, 2)": [
    0.412739098072052,
    0.04707130789756775,
    -0.11914658546447754
  ],
  "(9, 3, 0)": [
    0.6119251847267151
  ],
  "(9, 3, 1)": [
    0.7745918035507202,
    0.27919960021972656
  ],
  "(9, 3, 2)": [
    0.5902758240699768,
    0.17624466121196747,
    -0.059711799025535583
  ],
  "(9, 5, 0)": [
    0.7214705944061279
  ],
  "(9, 5, 1)": [
    0.8001830577850342,
    0.3507321774959564
  ],
  "(9, 5, 2)": [
    0.7494189143180847,
    0.2831740081310272,
    0.13129395246505737
  ],
  "(9, 7, 0)": [
    0.6992117762565613
  ],
  "(9, 7, 1)": [
    0.6625531911849976,
    0.13162291049957275
  ],
  "(9, 7, 2)": [
    0.6818625926971436,
    0.2750294804573059,
    0.09209340810775757
  ],
  "(10, 3, 0)": [
    0.6692899465560913
  ],
  "(10, 3, 1)": [
    0.7970724105834961,
    0.3706325888633728
  ],
  "(10, 3, 2)": [
    0.617878794670105,
    0.11667004227638245,
    -0.09724831581115723
  ],
  "(10, 5, 0)": [
    0.7407269477844238
  ],
  "(10, 5, 1)": [
    0.7196754813194275,
    0.20735886693000793
  ],
  "(10, 5, 2)": [
    0.5109014511108398,
    0.09560106694698334,
    -0.08361300826072693
  ],
  "(10, 7, 0)": [
    0.7246906757354736
  ],
  "(10, 7, 1)": [
    0.6423947811126709,
    0.15210595726966858
  ],
  "(10, 7, 2)": [
    0.485689252614975,
    0.039977915585041046,
    -0.14129844307899475
  ],
  "(11, 3, 0)": [
    0.7188795208930969
  ],
  "(11, 3, 1)": [
    0.6653800010681152,
    0.17452281713485718
  ],
  "(11, 3, 2)": [
    0.6357877850532532,
    0.16796965897083282,
    -0.008242219686508179
  ],
  "(11, 5, 0)": [
    0.7437164187431335
  ],
  "(11, 5, 1)": [
    0.7299126386642456,
    0.2094869613647461
  ],
  "(11, 5, 2)": [
    0.48062729835510254,
    0.04858037829399109,
    -0.12319159507751465
  ],
  "(11, 7, 0)": [
    0.7560811042785645
  ],
  "(11, 7, 1)": [
    0.7002495527267456,
    0.18527904152870178
  ],
  "(11, 7, 2)": [
    0.6481679677963257,
    0.20516471564769745,
    0.016214817762374878
  ],
  "(12, 3, 0)": [
    0.676444947719574
  ],
  "(12, 3, 1)": [
    0.7969009280204773,
    0.3199155330657959
  ],
  "(12, 3, 2)": [
    0.6474313735961914,
    0.21485373377799988,
    0.0638824999332428
  ],
  "(12, 5, 0)": [
    0.7017927765846252
  ],
  "(12, 5, 1)": [
    0.6162559390068054,
    0.15776744484901428
  ],
  "(12, 5, 2)": [
    0.713146448135376,
    0.23538464307785034,
    -0.013672828674316406
  ],
  "(12, 7, 0)": [
    0.7017306685447693
  ],
  "(12, 7, 1)": [
    0.6539356708526611,
    0.13429924845695496
  ],
  "(12, 7, 2)": [
    0.44266584515571594,
    -0.025317862629890442,
    -0.27728065848350525
  ],
  "(13, 3, 0)": [
    0.6762948036193848
  ],
  "(13, 3, 1)": [
    0.6483290195465088,
    0.13473983108997345
  ],
  "(13, 3, 2)": [
    0.4755696952342987,
    0.10594296455383301,
    -0.06590354442596436
  ],
  "(13, 5, 0)": [
    0.6047158241271973
  ],
  "(13, 5, 1)": [
    0.690119206905365,
    0.15565118193626404
  ],
  "(13, 5, 2)": [
    0.6729967594146729,
    0.22302302718162537,
    -0.041802287101745605
  ],
  "(13, 7, 0)": [
    0.6222587823867798
  ],
  "(13, 7, 1)": [
    0.6710050106048584,
    0.1710805594921112
  ],
  "(13, 7, 2)": [
    0.6842165589332581,
    0.1912013292312622,
    0.0037288665771484375
  ],
  "(14, 3, 0)": [
    0.66080242395401
  ],
  "(14, 3, 1)": [
    0.7245897054672241,
    0.22301828861236572
  ],
  "(14, 3, 2)": [
    0.5415352582931519,
    0.09646724164485931,
    -0.08517152070999146
  ],
  "(14, 5, 0)": [
    0.7231033444404602
  ],
  "(14, 5, 1)": [
    0.6579596996307373,
    0.1477271169424057
  ],
  "(14, 5, 2)": [
    0.5848445296287537,
    0.14053045213222504,
    -0.09676077961921692
  ],
  "(14, 7, 0)": [
    0.7627125978469849
  ],
  "(14, 7, 1)": [
    0.7676352262496948,
    0.3023409843444824
  ],
  "(14, 7, 2)": [
    0.5319772958755493,
    0.14050519466400146,
    -0.025996923446655273
  ],
  "(15, 3, 0)": [
    0.7070080041885376
  ],
  "(15, 3, 1)": [
    0.6322071552276611,
    0.1971418559551239
  ],
  "(15, 3, 2)": [
    0.7367180585861206,
    0.20450443029403687,
    -0.006184816360473633
  ],
  "(15, 5, 0)": [
    0.6472443342208862
  ],
  "(15, 5, 1)": [
    0.6979246139526367,
    0.20273558795452118
  ],
  "(15, 5, 2)": [
    0.5796630382537842,
    0.13175395131111145,
    -0.05042623355984688
  ],
  "(15, 7, 0)": [
    0.6802165508270264
  ],
  "(15, 7, 1)": [
    0.6399890780448914,
    0.19078868627548218
  ],
  "(15, 7, 2)": [
    0.6535360217094421,
    0.19544728100299835,
    0.07817548513412476
  ],
  "(16, 3, 0)": [
    0.7772608399391174
  ],
  "(16, 3, 1)": [
    0.7315601110458374,
    0.22607815265655518
  ],
  "(16, 3, 2)": [
    0.6857103109359741,
    0.20864439010620117,
    -0.026850342750549316
  ],
  "(16, 5, 0)": [
    0.6972780227661133
  ],
  "(16, 5, 1)": [
    0.7112119793891907,
    0.20969006419181824
  ],
  "(16, 5, 2)": [
    0.6245396137237549,
    0.18080177903175354,
    0.03796801716089249
  ],
  "(16, 7, 0)": [
    0.7381191849708557
  ],
  "(16, 7, 1)": [
    0.6855025291442871,
    0.18526533246040344
  ],
  "(16, 7, 2)": [
    0.7016456723213196,
    0.24842208623886108,
    0.045950502157211304
  ],
  "(17, 3, 0)": [
    0.677089512348175
  ],
  "(17, 3, 1)": [
    0.6952142715454102,
    0.23671317100524902
  ],
  "(17, 3, 2)": [
    0.5078129172325134,
    0.12258462607860565,
    -0.08178848028182983
  ],
  "(17, 5, 0)": [
    0.7661402821540833
  ],
  "(17, 5, 1)": [
    0.7259702086448669,
    0.20916175842285156
  ],