{
  "(5, 3, 0)": [
    7.450580596923828e-08
  ],
  "(5, 3, 1)": [
    0.0,
    0.0
  ],
  "(5, 3, 2)": [
    -8.940696716308594e-08,
    5.960464477539063e-08,
    0.0
  ],
  "(5, 5, 0)": [
    7.450580596923828e-08
  ],
  "(5, 5, 1)": [
    0.0,
    0.0
  ],
  "(5, 5, 2)": [
    -8.940696716308594e-08,
    5.960464477539063e-08,
    0.0
  ],
  "(5, 7, 0)": [
    7.450580596923828e-08
  ],
  "(5, 7, 1)": [
    0.0,
    0.0
  ],
  "(5, 7, 2)": [
    -8.940696716308594e-08,
    5.960464477539063e-08,
    0.0
  ],
  "(6, 3, 0)": [
    -5.960464477539063e-08
  ],
  "(6, 3, 1)": [
    2.384185791015625e-07,
    0.0
  ],
  "(6, 3, 2)": [
    -5.960464477539063e-08,
    0.0,
    0.0
  ],
  "(6, 5, 0)": [
    -5.960464477539063e-08
  ],
  "(6, 5, 1)": [
    2.384185791015625e-07,
    0.0
  ],
  "(6, 5, 2)": [
    -5.960464477539063e-08,
    0.0,
    0.0
  ],
  "(6, 7, 0)": [
    -5.960464477539063e-08
  ],
  "(6, 7, 1)": [
    2.384185791015625e-07,
    0.0
  ],
  "(6, 7, 2)": [
    -5.960464477539063e-08,
    0.0,
    0.0
  ],
  "(7, 3, 0)": [
    2.384185791015625e-07
  ],
  "(7, 3, 1)": [
    1.1920928955078125e-07,
    0.0
  ],
  "(7, 3, 2)": [
    5.960464477539063e-08,
    1.1920928955078125e-07,
    4.76837158203125e-07
  ],
  "(7, 5, 0)": [
    2.384185791015625e-07
  ],
  "(7, 5, 1)": [
    1.1920928955078125e-07,
    0.0
  ],
  "(7, 5, 2)": [
    5.960464477539063e-08,
    1.1920928955078125e-07,
    4.76837158203125e-07
  ],
  "(7, 7, 0)": [
    2.384185791015625e-07
  ],
  "(7, 7, 1)": [
    1.1920928955078125e-07,
    0.0
  ],
  "(7, 7, 2)": [
    5.960464477539063e-08,
    1.1920928955078125e-07,
    4.76837158203125e-07
  ],
  "(8, 3, 0)": [
    5.960464477539063e-08
  ],
  "(8, 3, 1)": [
    2.384185791015625e-07,
    0.0
  ],
  "(8, 3, 2)": [
    1.1920928955078125e-07,
    2.384185791015625e-07,
    4.76837158203125e-07
  ],
  "(8, 5, 0)": [
    5.960464477539063e-08
  ],
  "(8, 5, 1)": [
    2.384185791015625e-07,
    0.0
  ],
  "(8, 5, 2)": [
    1.1920928955078125e-07,
    2.384185791015625e-07,
    4.76837158203125e-07
  ],
  "(8, 7, 0)": [
    5.960464477539063e-08
  ],
  "(8, 7, 1)": [
    2.384185791015625e-07,
    0.0
  ],
  "(8, 7, 2)": [
    1.1920928955078125e-07,
    2.384185791015625e-07,
    4.76837158203125e-07
  ],
  "(9, 3, 0)": [
    -5.960464477539063e-08
  ],
  "(9, 3, 1)": [
    -2.384185791015625e-07,
    -4.76837158203125e-07
  ],
  "(9, 3, 2)": [
    1.1920928955078125e-07,
    2.384185791015625e-07,
    9.5367431640625e-07
  ],
  "(9, 5, 0)": [
    -5.960464477539063e-08
  ],
  "(9, 5, 1)": [
    -2.384185791015625e-07,
    -4.76837158203125e-07
  ],
  "(9, 5, 2)": [
    1.1920928955078125e-07,
    2.384185791015625e-07,
    9.5367431640625e-07
  ],
  "(9, 7, 0)": [
    -5.960464477539063e-08
  ],
  "(9, 7, 1)": [
    -2.384185791015625e-07,
    -4.76837158203125e-07
  ],
  "(9, 7, 2)": [
    1.1920928955078125e-07,
    2.384185791015625e-07,
    9.5367431640625e-07
  ],
  "(10, 3, 0)": [
    -5.960464477539063e-08
  ],
  "(10, 3, 1)": [
    0.0,
    0.0
  ],
  "(10, 3, 2)": [
    2.384185791015625e-07,
    2.384185791015625e-07,
    0.0
  ],
  "(10, 5, 0)": [
    -5.960464477539063e-08
  ],
  "(10, 5, 1)": [
    0.0,
    0.0
  ],
  "(10, 5, 2)": [
    2.384185791015625e-07,
    2.384185791015625e-07,
    0.0
  ],
  "(10, 7, 0)": [
    -5.960464477539063e-08
  ],
  "(10, 7, 1)": [
    0.0,
    0.0
  ],
  "(10, 7, 2)": [
    2.384185791015625e-07,
    2.384185791015625e-07,
    0.0
  ],
  "(11, 3, 0)": [
    -1.1920928955078125e-07
  ],
  "(11, 3, 1)": [
    0.0,
    0.0
  ],
  "(11, 3, 2)": [
    1.1920928955078125e-07,
    0.0,
    4.76837158203125e-07
  ],
  "(11, 5, 0)": [
    -1.1920928955078125e-07
  ],
  "(11, 5, 1)": [
    0.0,
    0.0
  ],
  "(11, 5, 2)": [
    1.1920928955078125e-07,
    0.0,
    4.76837158203125e-07
  ],
  "(11, 7, 0)": [
    -1.1920928955078125e-07
  ],
  "(11, 7, 1)": [
    0.0,
    0.0
  ],
  "(11, 7, 2)": [
    1.1920928955078125e-07,
    0.0,
    4.76837158203125e-07
  ],
  "(12, 3, 0)": [
    0.0
  ],
  "(12, 3, 1)": [
    -2.384185791015625e-07,
    4.76837158203125e-07
  ],
  "(12, 3, 2)": [
    3.5762786865234375e-07,
    2.384185791015625e-07,
    9.5367431640625e-07
  ],
  "(12, 5, 0)": [
    0.0
  ],
  "(12, 5, 1)": [
    -2.384185791015625e-07,
    4.76837158203125e-07
  ],
  "(12, 5, 2)": [
    3.5762786865234375e-07,
    2.384185791015625e-07,
    9.5367431640625e-07
  ],
  "(12, 7, 0)": [
    0.0
  ],
  "(12, 7, 1)": [
    -2.384185791015625e-07,
    4.76837158203125e-07
  ],
  "(12, 7, 2)": [
    3.5762786865234375e-07,
    2.384185791015625e-07,
    9.5367431640625e-07
  ],
  "(13, 3, 0)": [
    -7.152557373046875e-07
  ],
  "(13, 3, 1)": [
    -4.76837158203125e-07,
    -9.5367431640625e-07
  ],
  "(13, 3, 2)": [
    -2.384185791015625e-07,
    -4.76837158203125e-07,
    -9.5367431640625e-07
  ],
  "(13, 5, 0)": [
    -7.152557373046875e-07
  ],
  "(13, 5, 1)": [
    -4.76837158203125e-07,
    -9.5367431640625e-07
  ],
  "(13, 5, 2)": [
    -2.384185791015625e-07,
    -4.76837158203125e-07,
    -9.5367431640625e-07
  ],
  "(13, 7, 0)": [
    -7.152557373046875e-07
  ],
  "(13, 7, 1)": [
    -4.76837158203125e-07,
    -9.5367431640625e-07
  ],
  "(13, 7, 2)": [
    -2.384185791015625e-07,
    -4.76837158203125e-07,
    -9.5367431640625e-07
  ],
  "(14, 3, 0)": [
    1.1920928955078125e-07
  ],
  "(14, 3, 1)": [
    0.0,
    0.0
  ],
  "(14, 3, 2)": [
    0.0,
    -4.76837158203125e-07,
    0.0
  ],
  "(14, 5, 0)": [
    1.1920928955078125e-07
  ],
  "(14, 5, 1)": [
    0.0,
    0.0
  ],
  "(14, 5, 2)": [
    0.0,
    -4.76837158203125e-07,
    0.0
  ],
  "(14, 7, 0)": [
    1.1920928955078125e-07
  ],
  "(14, 7, 1)": [
    0.0,
    0.0
  ],
  "(14, 7, 2)": [
    0.0,
    -4.76837158203125e-07,
    0.0
  ],
  "(15, 3, 0)": [
    4.76837158203125e-07
  ],
  "(15, 3, 1)": [
    0.0,
    9.5367431640625e-07
  ],
  "(15, 3, 2)": [
    2.384185791015625e-07,
    0.0,
    0.0
  ],
  "(15, 5, 0)": [
    4.76837158203125e-07
  ],
  "(15, 5, 1)": [
    0.0,
    9.5367431640625e-07
  ],
  "(15, 5, 2)": [
    2.384185791015625e-07,
    0.0,
    0.0
  ],
  "(15, 7, 0)": [
    4.76837158203125e-07
  ],
  "(15, 7, 1)": [
    0.0,
    9.5367431640625e-07
  ],
  "(15, 7, 2)": [
    2.384185791015625e-07,
    0.0,
    0.0
  ],
  "(16, 3, 0)": [
    2.384185791015625e-07
  ],
  "(16, 3, 1)": [
    1.430511474609375e-06,
    -1.9073486328125e-06
  ],
  "(16, 3, 2)": [
    1.1920928955078125e-06,
    0.0,
    1.9073486328125e-06
  ],
  "(16, 5, 0)": [
    2.384185791015625e-07
  ],
  "(16, 5, 1)": [
    1.430511474609375e-06,
    -1.9073486328125e-06
  ],
  "(16, 5, 2)": [
    1.1920928955078125e-06,
    0.0,
    1.9073486328125e-06
  ],
  "(16, 7, 0)": [
    2.384185791015625e-07
  ],
  "(16, 7, 1)": [
    1.430511474609375e-06,
    -1.9073486328125e-06
  ],
  "(16, 7, 2)": [
    1.1920928955078125e-06,
    0.0,
    1.9073486328125e-06
  ],
  "(17, 3, 0)": [
    -4.76837158203125e-07
  ],
  "(17, 3, 1)": [
    9.5367431640625e-07,
    0.0
  ],
  "(17, 3, 2)": [
    0.0,
    -4.76837158203125e-07,
    -1.9073486328125e-06
  ],
  "(17, 5, 0)": [
    -4.76837158203125e-07
  ],
  "(17, 5, 1)": [
    9.5367431640625e-07,
    0.0
  ],
  "(17, 5, 2)": [
    0.0,
    -4.76837158203125e-07,
    -1.9073486328125e-06
  ],
  "(17, 7, 0)": [
    -4.76837158203125e-07
  ],
  "(17, 7, 1)": [
    9.5367431640625e-07,
    0.0
  ],
  "(17, 7, 2)": [
    0.0,
    -4.76837158203125e-07,
    -1.9073486328125e-06
  ],
  "(18, 3, 0)": [
    -7.152557373046875e-07
  ],
  "(18, 3, 1)": [
    4.76837158203125e-07,
    0.0
  ],
  "(18, 3, 2)": [
    9.5367431640625e-07,
    0.0,
    0.0
  ],
  "(18, 5, 0)": [
    -7.152557373046875e-07
  ],
  "(18, 5, 1)": [
    4.76837158203125e-07,
    0.0
  ],
  "(18, 5, 2)": [
    9.5367431640625e-07,
    0.0,
    0.0
  ],
  "(18, 7, 0)": [
    -7.152557373046875e-07
  ],
  "(18, 7, 1)": [
    4.76837158203125e-07,
    0.0
  ],